protein,name,subscript,sequence
HIF1a,HIF1,,RLLGQSMDESGLPQLTSYDCEVNAPIQGSRNLLQGEELLRALDQVN
HIF1a,MA>W,,RLLGQSWDESGLPQLTSYDCEVNWPIQGSRNLLQGEELLRWLDQVN
HIF1a,NQ>W,,RLLGWSMDESGLPWLTSYDCEVWAPIWGSRWLLWGEELLRALDWVW
HIF1a,RK>E,,ELLGQSMDESGLPQLTSYDCEVNAPIQGSEFLLQGEELLDALDQVN
HIF1a,RK>D,,DLLGQSMDESGLPQLTSYDCEVNAPIQGSDNLLQGEELLDALDQVN
CITED2,CITED2,,TDFIDEEVLMSLVIEMGLDRIKELPELWLGQNEFDFMTD
CITED2,L>W,,TDFIDEEVWMSWVIEMGWDRIKEWPEWWWGQNEFDFMTD
CITED2,RK>E,,TDFIDEEVLMSLVIEMGLDEIEELPELWLGQNEFDFMTD
CITED2,L>F,,TDFIDEEVFMSFVIEMGFDRIKEFPEFWFGQNEFDFMTD
CITED2,FML>A,,TDAIDEEVAMSAVIEMGLDRIKELPELWLGQNEFDFMTD
CITED2,RK>A,CT,TDFIDEEVLMSLVIEMGLDRIAELPELWLGQNEFDFMTD
