,Unnamed: 0,fasta_header,lengths,end_to_end_distance,Ree,sequence,Gene,mut name,protein
0,1,Hif1-AD2_46 NQ>W,46,35.98809554,3.598809554,"RLLGWSMDES
GLPWLTSYDC
EVWAPIWGSR
WLLWGEELLR
ALDWVW",Hif1-AD2_46,NQ>W,HIF1a
1,2,Hif1-AD2_46 MA>W,46,43.19712832,4.319712832,"RLLGQSWDES
GLPQLTSYDC
EVNWPIQGSR
NLLQGEELLR
WLDQVN",Hif1-AD2_46,MA>W,HIF1a
2,3,Hif1-AD2_46 WT,46,46.69622059,4.669622059,"RLLGQSMDES
GLPQLTSYDC
EVNAPIQGSR
NLLQGEELLR
ALDQVN",Hif1-AD2_46,WT,HIF1a
3,4,Hif1-AD2_46 supercharge6,46,49.35045168,4.935045168,"ELLGQSMDES
GLPQLTSYDC
EVNAPIQGSE
FLLQGEELLD
ALDQVN",Hif1-AD2_46,RK>E,HIF1a
4,5,Hif1-AD2_46 RK>D,46,49.61940316,4.961940316,"DLLGQSMDES
GLPQLTSYDC
EVNAPIQGSD
NLLQGEELLD
ALDQVN",Hif1-AD2_46,RK>D,HIF1a
5,6,CITED2 ED>Amut0to20,39,42.82665549,4.282665549,"TAFIAAAVLM
SLVIAMGLAR
IKELPELWLG
QNEFDFMTD",CITED2,ED>A0to20,CITED2
6,7,CITED2 killmotif1,39,45.52804819,4.552804819,"TDAIDEEVAM
SAVIEMGLDR
IKELPELWLG
QNEFDFMTD",CITED2,FML>A,CITED2
7,8,CITED2 L>F,39,41.65933049,4.165933049,"TDFIDEEVFM
SFVIEMGFDR
IKEFPEFWFG
QNEFDFMTD",CITED2,L>F,CITED2
8,9,CITED2 L>W,39,37.42500463,3.742500463,"TDFIDEEVWM
SWVIEMGWDR
IKEWPEWWWG
QNEFDFMTD",CITED2,L>W,CITED2
9,10,CITED2 WT,39,45.45165153,4.545165153,"TDFIDEEVLM
SLVIEMGLDR
IKELPELWLG
QNEFDFMTD",CITED2,WT,CITED2
10,11,CITED2 RK>E,39,47.34672066,4.734672066,"TDFIDEEVLM
SLVIEMGLDE
IEELPELWLG
QNEFDFMTD",CITED2,RK>E,CITED2
11,12,CITED2 RK>Amut20to39,39,45.68397422,4.568397422,"TDFIDEEVLM
SLVIEMGLDR
IAELPELWLG
QNEFDFMTD",CITED2,RK>Amut20to39,CITED2
