Residue Number,Residue Name,Secondary Structure
1,THR,
1,THR,L
1,THR,
1,THR,
1,THR,
1,THR,
1,THR,
2,ASP,
2,ASP,L
2,ASP,
2,ASP,
2,ASP,
2,ASP,
2,ASP,
2,ASP,
3,PHE,
3,PHE,L
3,PHE,
3,PHE,
3,PHE,
3,PHE,
3,PHE,
3,PHE,
3,PHE,
3,PHE,
3,PHE,
4,ILE,
4,ILE,L
4,ILE,
4,ILE,
4,ILE,
4,ILE,
4,ILE,
4,ILE,
5,ASP,
5,ASP,L
5,ASP,
5,ASP,
5,ASP,
5,ASP,
5,ASP,
5,ASP,
6,GLU,
6,GLU,H
6,GLU,
6,GLU,
6,GLU,
6,GLU,
6,GLU,
6,GLU,
6,GLU,
7,GLU,
7,GLU,H
7,GLU,
7,GLU,
7,GLU,
7,GLU,
7,GLU,
7,GLU,
7,GLU,
8,VAL,
8,VAL,H
8,VAL,
8,VAL,
8,VAL,
8,VAL,
8,VAL,
9,LEU,
9,LEU,H
9,LEU,
9,LEU,
9,LEU,
9,LEU,
9,LEU,
9,LEU,
10,MET,
10,MET,H
10,MET,
10,MET,
10,MET,
10,MET,
10,MET,
10,MET,
11,SER,
11,SER,H
11,SER,
11,SER,
11,SER,
11,SER,
12,LEU,
12,LEU,H
12,LEU,
12,LEU,
12,LEU,
12,LEU,
12,LEU,
12,LEU,
13,VAL,
13,VAL,H
13,VAL,
13,VAL,
13,VAL,
13,VAL,
13,VAL,
14,ILE,
14,ILE,H
14,ILE,
14,ILE,
14,ILE,
14,ILE,
14,ILE,
14,ILE,
15,GLU,
15,GLU,H
15,GLU,
15,GLU,
15,GLU,
15,GLU,
15,GLU,
15,GLU,
15,GLU,
16,MET,
16,MET,H
16,MET,
16,MET,
16,MET,
16,MET,
16,MET,
16,MET,
17,GLY,
17,GLY,L
17,GLY,
17,GLY,
18,LEU,
18,LEU,H
18,LEU,
18,LEU,
18,LEU,
18,LEU,
18,LEU,
18,LEU,
19,ASP,
19,ASP,H
19,ASP,
19,ASP,
19,ASP,
19,ASP,
19,ASP,
19,ASP,
20,ARG,
20,ARG,H
20,ARG,
20,ARG,
20,ARG,
20,ARG,
20,ARG,
20,ARG,
20,ARG,
20,ARG,
20,ARG,
21,ILE,
21,ILE,L
21,ILE,
21,ILE,
21,ILE,
21,ILE,
21,ILE,
21,ILE,
22,ALA,
22,ALA,L
22,ALA,
22,ALA,
22,ALA,
23,GLU,
23,GLU,L
23,GLU,
23,GLU,
23,GLU,
23,GLU,
23,GLU,
23,GLU,
23,GLU,
24,LEU,
24,LEU,L
24,LEU,
24,LEU,
24,LEU,
24,LEU,
24,LEU,
24,LEU,
25,PRO,
25,PRO,L
25,PRO,
25,PRO,
25,PRO,
25,PRO,
25,PRO,
26,GLU,
26,GLU,L
26,GLU,
26,GLU,
26,GLU,
26,GLU,
26,GLU,
26,GLU,
26,GLU,
27,LEU,
27,LEU,L
27,LEU,
27,LEU,
27,LEU,
27,LEU,
27,LEU,
27,LEU,
28,TRP,
28,TRP,L
28,TRP,
28,TRP,
28,TRP,
28,TRP,
28,TRP,
28,TRP,
28,TRP,
28,TRP,
28,TRP,
28,TRP,
28,TRP,
28,TRP,
29,LEU,
29,LEU,L
29,LEU,
29,LEU,
29,LEU,
29,LEU,
29,LEU,
29,LEU,
30,GLY,
30,GLY,L
30,GLY,
30,GLY,
31,GLN,
31,GLN,L
31,GLN,
31,GLN,
31,GLN,
31,GLN,
31,GLN,
31,GLN,
31,GLN,
32,ASN,
32,ASN,L
32,ASN,
32,ASN,
32,ASN,
32,ASN,
32,ASN,
32,ASN,
33,GLU,
33,GLU,L
33,GLU,
33,GLU,
33,GLU,
33,GLU,
33,GLU,
33,GLU,
33,GLU,
34,PHE,
34,PHE,H
34,PHE,
34,PHE,
34,PHE,
34,PHE,
34,PHE,
34,PHE,
34,PHE,
34,PHE,
34,PHE,
35,ASP,
35,ASP,H
35,ASP,
35,ASP,
35,ASP,
35,ASP,
35,ASP,
35,ASP,
36,PHE,
36,PHE,H
36,PHE,
36,PHE,
36,PHE,
36,PHE,
36,PHE,
36,PHE,
36,PHE,
36,PHE,
36,PHE,
37,MET,
37,MET,H
37,MET,
37,MET,
37,MET,
37,MET,
37,MET,
37,MET,
38,THR,
38,THR,L
38,THR,
38,THR,
38,THR,
38,THR,
38,THR,
39,ASP,
39,ASP,L
39,ASP,
39,ASP,
39,ASP,
39,ASP,
39,ASP,
39,ASP,
